{"reconstruction_accuracy": 0.94, "silhouette_score": 0.16052787005901337, "davies_bouldin_score": 2.101471397814039, "baseline_silhouette": 0.5396510017945169}