{"reconstruction_accuracy": 0.94, "silhouette_score": 0.1363353580236435, "davies_bouldin_score": 1.397745640273153, "baseline_silhouette": 0.008269535735070794}